{
  "mean": [
    0.7043730616569519,
    0.5446192026138306,
    0.5250047445297241
  ],
  "std": [
    0.23380649089813232,
    0.22291933000087738,
    0.23541264235973358
  ]
}