{
  "mean": [
    0.7040058374404907,
    0.5338866710662842,
    0.5143541693687439
  ],
  "std": [
    0.23098677396774292,
    0.2206830382347107,
    0.2306801676750183
  ]
}